business_name,phone,address,google_maps_url,scraped_at
ফলাফল,N/A,N/A,"https://www.google.com/maps/place/%E0%A6%B9%E0%A6%BE%E0%A6%99%E0%A7%8D%E0%A6%97%E0%A6%B0%E0%A6%BF+%E0%A6%B9%E0%A6%BF%E0%A6%B0%E0%A7%8B%E0%A6%B8/@24.374078,88.5811051,14z/data=!4m10!1m2!2m1!1srestaurants+in+Rajshahi!3m6!1s0x39fbefc6dff86321:0x9c1c697ef73ba877!8m2!3d24.3670861!4d88.601004!15sChdyZXN0YXVyYW50cyBpbiBSYWpzaGFoaVoZIhdyZXN0YXVyYW50cyBpbiByYWpzaGFoaZIBCnJlc3RhdXJhbnTgAQA!16s%2Fg%2F11g19nr4bm?entry=ttu&g_ep=EgoyMDI2MDgxMi4wIKXMDSoASAFQAw%3D%3D",2026-08-16T14:24:42.195233+00:00
N/A,"
01733-354730","
Sohidullah Tower 02, 5th Floor, Ranibazar Rd, Rajshahi 6100","https://www.google.com/maps/place/Hungry+Heroes/@24.374078,88.5811051,14z/data=!4m10!1m2!2m1!1srestaurants+in+Rajshahi!3m6!1s0x39fbefc6dff86321:0x9c1c697ef73ba877!8m2!3d24.3670861!4d88.601004!15sChdyZXN0YXVyYW50cyBpbiBSYWpzaGFoaVoZIhdyZXN0YXVyYW50cyBpbiByYWpzaGFoaZIBCnJlc3RhdXJhbnSaAURDaTlEUVVsUlFVTnZaRU5vZEhsalJqbHZUMnBTYjJKNlpERldNM0JLVTBkT1NGcEdhRE5YUlhnMVRXdzRNVlpIWXhBQuABAPoBBAgAEEU!16s%2Fg%2F11g19nr4bm?hl=en&entry=ttu&g_ep=EgoyMDI2MDgxMi4wIKXMDSoASAFQAw%3D%3D",2026-08-16T14:35:56.832152+00:00
Hungry Heroes,01733-354730,"Sohidullah Tower 02, 5th Floor, Ranibazar Rd, Rajshahi 6100","https://www.google.com/maps/place/Hungry+Heroes/@24.374078,88.5811051,14z/data=!4m10!1m2!2m1!1srestaurants+in+Rajshahi!3m6!1s0x39fbefc6dff86321:0x9c1c697ef73ba877!8m2!3d24.3670861!4d88.601004!15sChdyZXN0YXVyYW50cyBpbiBSYWpzaGFoaVoZIhdyZXN0YXVyYW50cyBpbiByYWpzaGFoaZIBCnJlc3RhdXJhbnSaASRDaGREU1VoTk1HOW5TMFZKUTBGblNVTk1hbk5MZVc5UlJSQULgAQD6AQUI4QIQRg!16s%2Fg%2F11g19nr4bm?hl=en&entry=ttu&g_ep=EgoyMDI2MDgxMi4wIKXMDSoASAFQAw%3D%3D",2026-08-16T14:50:45.114844+00:00
Hungry Heroes,01733-354730,"Sohidullah Tower 02, 5th Floor, Ranibazar Rd, Rajshahi 6100","https://www.google.com/maps/place/Hungry+Heroes/@24.3678542,88.5562335,13z/data=!4m11!1m3!2m2!1srestaurants+in+Rajshahi!6e5!3m6!1s0x39fbefc6dff86321:0x9c1c697ef73ba877!8m2!3d24.3670861!4d88.601004!15sChdyZXN0YXVyYW50cyBpbiBSYWpzaGFoaVoZIhdyZXN0YXVyYW50cyBpbiByYWpzaGFoaZIBCnJlc3RhdXJhbnSaAURDaTlEUVVsUlFVTnZaRU5vZEhsalJqbHZUMnBTYjJKNlpERldNM0JLVTBkT1NGcEdhRE5YUlhnMVRXdzRNVlpIWXhBQuABAPoBBAgAEEU!16s%2Fg%2F11g19nr4bm?hl=en&entry=ttu&g_ep=EgoyMDI2MDgxMi4wIKXMDSoASAFQAw%3D%3D",2026-08-16T14:57:15.010279+00:00
Chef Garden Restaurant,N/A,"9JF5+M5F National Travels Bus Counter, Rajshahi","https://www.google.com/maps/place/Chef+Garden+Restaurant/@24.3678542,88.5562335,13z/data=!4m11!1m3!2m2!1srestaurants+in+Rajshahi!6e5!3m6!1s0x39fbef003268c0e9:0xdce05198aa9f5e41!8m2!3d24.3741853!4d88.6079255!15sChdyZXN0YXVyYW50cyBpbiBSYWpzaGFoaVoZIhdyZXN0YXVyYW50cyBpbiByYWpzaGFoaZIBEGFzaWFuX3Jlc3RhdXJhbnSaASBDaFJEU1VoTk1HOW5TMFZKUTBGblNVUXlkVFJ6WHhBQuABAPoBBAgAEEE!16s%2Fg%2F11yzv_v48t?hl=en&entry=ttu&g_ep=EgoyMDI2MDgxMi4wIKXMDSoASAFQAw%3D%3D",2026-08-16T14:57:24.081381+00:00
Chef Garden Restaurant,N/A,"9JF5+M5F National Travels Bus Counter, Rajshahi","https://www.google.com/maps/place/Chef+Garden+Restaurant/@24.374078,88.5811051,14z/data=!4m10!1m2!2m1!1srestaurants+in+Rajshahi!3m6!1s0x39fbef003268c0e9:0xdce05198aa9f5e41!8m2!3d24.3741853!4d88.6079255!15sChdyZXN0YXVyYW50cyBpbiBSYWpzaGFoaVoZIhdyZXN0YXVyYW50cyBpbiByYWpzaGFoaZIBEGFzaWFuX3Jlc3RhdXJhbnSaASBDaFJEU1VoTk1HOW5TMFZKUTBGblNVUXlkVFJ6WHhBQuABAPoBBAgAEEE!16s%2Fg%2F11yzv_v48t?hl=en&entry=ttu&g_ep=EgoyMDI2MDgxMi4wIKXMDSoASAFQAw%3D%3D",2026-08-16T14:58:24.660181+00:00
Aungshu Dine - অংশু ডাইন,01322-929527,"132, Friends Peak, 1st Floor, Gonokpara","https://www.google.com/maps/place/Aungshu+Dine+-+%E0%A6%85%E0%A6%82%E0%A6%B6%E0%A7%81+%E0%A6%A1%E0%A6%BE%E0%A6%87%E0%A6%A8/@24.374078,88.5811051,14z/data=!4m10!1m2!2m1!1srestaurants+in+Rajshahi!3m6!1s0x39fbeff27e406aa9:0x47b757b55c5325a7!8m2!3d24.3659438!4d88.6010644!15sChdyZXN0YXVyYW50cyBpbiBSYWpzaGFoaVoZIhdyZXN0YXVyYW50cyBpbiByYWpzaGFoaZIBCnJlc3RhdXJhbnSaASNDaFpEU1VoTk1HOW5TMFZKUTBGblNVTmxkR0pwTTBGbkVBReABAPoBBAgAEDU!16s%2Fg%2F11t2y_jr2g?hl=en&entry=ttu&g_ep=EgoyMDI2MDgxMi4wIKXMDSoASAFQAw%3D%3D",2026-08-16T14:58:36.639636+00:00
Hungry Heroes,01733-354730,"Sohidullah Tower 02, 5th Floor, Ranibazar Rd, Rajshahi 6100","https://www.google.com/maps/place/Hungry+Heroes/@24.374078,88.5811051,14z/data=!4m11!1m3!2m2!1srestaurants+in+Rajshahi!6e5!3m6!1s0x39fbefc6dff86321:0x9c1c697ef73ba877!8m2!3d24.3670861!4d88.601004!15sChdyZXN0YXVyYW50cyBpbiBSYWpzaGFoaVoZIhdyZXN0YXVyYW50cyBpbiByYWpzaGFoaZIBCnJlc3RhdXJhbnSaASRDaGREU1VoTk1HOW5TMFZKUTBGblNVTk1hbk5MZVc5UlJSQULgAQD6AQUI4QIQRg!16s%2Fg%2F11g19nr4bm?hl=en&entry=ttu&g_ep=EgoyMDI2MDgxMi4wIKXMDSoASAFQAw%3D%3D",2026-08-16T15:03:24.940244+00:00
Chef Garden Restaurant,N/A,"9JF5+M5F National Travels Bus Counter, Rajshahi","https://www.google.com/maps/place/Chef+Garden+Restaurant/@24.374078,88.5811051,14z/data=!4m11!1m3!2m2!1srestaurants+in+Rajshahi!6e5!3m6!1s0x39fbef003268c0e9:0xdce05198aa9f5e41!8m2!3d24.3741853!4d88.6079255!15sChdyZXN0YXVyYW50cyBpbiBSYWpzaGFoaVoZIhdyZXN0YXVyYW50cyBpbiByYWpzaGFoaZIBEGFzaWFuX3Jlc3RhdXJhbnSaASRDaGREU1VoTk1HOW5TMFZKUTBGblNVTmxkM1o2WnkxM1JSQULgAQD6AQQIABAP!16s%2Fg%2F11yzv_v48t?hl=en&entry=ttu&g_ep=EgoyMDI2MDgxMi4wIKXMDSoASAFQAw%3D%3D",2026-08-16T15:03:31.395755+00:00
Tasty Time 2.0,01722-585755,Rajshahi 6100,"https://www.google.com/maps/place/Tasty+Time+2.0/@24.374078,88.5811051,14z/data=!4m11!1m3!2m2!1srestaurants+in+Rajshahi!6e5!3m6!1s0x39fbef97a250b7d7:0xe3737f6996788898!8m2!3d24.3651009!4d88.6006885!15sChdyZXN0YXVyYW50cyBpbiBSYWpzaGFoaVoZIhdyZXN0YXVyYW50cyBpbiByYWpzaGFoaZIBCnJlc3RhdXJhbnSaASNDaFpEU1VoTk1HOW5TMFZMWWpZM1kzbERaMWwyUmtoUkVBReABAPoBBAgAEB8!16s%2Fg%2F11fct0zjv1?hl=en&entry=ttu&g_ep=EgoyMDI2MDgxMi4wIKXMDSoASAFQAw%3D%3D",2026-08-16T15:03:52.035547+00:00
Master Chef Bangla Restaurant,N/A,"28, 22 Greater Rd, Rajshahi 6000","https://www.google.com/maps/place/Master+Chef+Bangla+Restaurant/@24.3711837,88.5442613,14z/data=!4m11!1m3!2m2!1srestaurants+in+Rajshahi!6e5!3m6!1s0x39fbef1c4437dacd:0xe97740900560bbe8!8m2!3d24.3711837!4d88.5823701!15sChdyZXN0YXVyYW50cyBpbiBSYWpzaGFoaVoZIhdyZXN0YXVyYW50cyBpbiByYWpzaGFoaZIBCnJlc3RhdXJhbnSaASNDaFpEU1VoTk1HOW5TMFZKUTBGblNVTk1OM0IxWmxkM0VBReABAPoBBAhVEEI!16s%2Fg%2F11cjxg2r3_?hl=en&entry=ttu&g_ep=EgoyMDI2MDgxMi4wIKXMDSoASAFQAw%3D%3D",2026-08-16T15:04:00.007349+00:00
Aungshu Dine - অংশু ডাইন,01322-929527,"132, Friends Peak, 1st Floor, Gonokpara","https://www.google.com/maps/place/Aungshu+Dine+-+%E0%A6%85%E0%A6%82%E0%A6%B6%E0%A7%81+%E0%A6%A1%E0%A6%BE%E0%A6%87%E0%A6%A8/@24.3711837,88.5442613,14z/data=!4m11!1m3!2m2!1srestaurants+in+Rajshahi!6e5!3m6!1s0x39fbeff27e406aa9:0x47b757b55c5325a7!8m2!3d24.3659438!4d88.6010644!15sChdyZXN0YXVyYW50cyBpbiBSYWpzaGFoaVoZIhdyZXN0YXVyYW50cyBpbiByYWpzaGFoaZIBCnJlc3RhdXJhbnSaASNDaFpEU1VoTk1HOW5TMFZKUTBGblNVTmxkR0pwTTBGbkVBReABAPoBBAgAEDU!16s%2Fg%2F11t2y_jr2g?hl=en&entry=ttu&g_ep=EgoyMDI2MDgxMi4wIKXMDSoASAFQAw%3D%3D",2026-08-16T15:04:06.460854+00:00
Master Chef Chinese Resturent and Party Centre,01746-332545,"9JC2+4WH, Olokar mor, Newmarket road, Rajshahi","https://www.google.com/maps/place/Master+Chef+Chinese+Resturent+and+Party+Centre/@24.363457,88.5417052,14z/data=!4m11!1m3!2m2!1srestaurants+in+Rajshahi!6e5!3m6!1s0x39fbef2d1415527d:0x9fdd7b69d48349e2!8m2!3d24.3703082!4d88.6023551!15sChdyZXN0YXVyYW50cyBpbiBSYWpzaGFoaVoZIhdyZXN0YXVyYW50cyBpbiByYWpzaGFoaZIBEmNoaW5lc2VfcmVzdGF1cmFudJoBRENpOURRVWxSUVVOdlpFTm9kSGxqUmpsdlQycG9SV0ZzVm1oV1ZYaGhUbXRvVlZsVlNtRmFNbHA1VGxoU1dHUXpZeEFC4AEA-gEECAAQMQ!16s%2Fg%2F11s8bb09hs?hl=en&entry=ttu&g_ep=EgoyMDI2MDgxMi4wIKXMDSoASAFQAw%3D%3D",2026-08-16T15:05:03.384793+00:00
Refreshment Restaurant,N/A,"9J82+CFX, Rajshahi","https://www.google.com/maps/place/Refreshment+Restaurant/@24.363457,88.5417052,14z/data=!4m11!1m3!2m2!1srestaurants+in+Rajshahi!6e5!3m6!1s0x39fbef0033dada67:0x336d7daff705d316!8m2!3d24.3663244!4d88.6011876!15sChdyZXN0YXVyYW50cyBpbiBSYWpzaGFoaVoZIhdyZXN0YXVyYW50cyBpbiByYWpzaGFoaZIBCnJlc3RhdXJhbnSaASRDaGREU1VoTk1HOW5TMFZKUTBGblNVUmxkamRxTm01UlJSQULgAQD6AQQIABA4!16s%2Fg%2F11lds1z71_?hl=en&entry=ttu&g_ep=EgoyMDI2MDgxMi4wIKXMDSoASAFQAw%3D%3D",2026-08-16T15:05:11.272494+00:00
Khadok -2 (খাদক-২),01619-307250,"Kadirganj Rd, Rajshahi 6000","https://www.google.com/maps/place/Khadok+-2+(%E0%A6%96%E0%A6%BE%E0%A6%A6%E0%A6%95-%E0%A7%A8)/@24.3643392,88.56498,14z/data=!4m11!1m3!2m2!1srestaurants+in+Rajshahi!6e5!3m6!1s0x39fbef385e228557:0x729cfab50f07fa2b!8m2!3d24.3731266!4d88.5986294!15sChdyZXN0YXVyYW50cyBpbiBSYWpzaGFoaVoZIhdyZXN0YXVyYW50cyBpbiByYWpzaGFoaZIBCnJlc3RhdXJhbnSaAURDaTlEUVVsUlFVTnZaRU5vZEhsalJqbHZUMjEzTUZsVlVqQlRhMlJQVDBWd2QwMUlSa2xQUjBZeVlXNXJNVk5HUlJBQuABAPoBBAgAEDA!16s%2Fg%2F11z6vf2vhv?hl=en&entry=ttu&g_ep=EgoyMDI2MDgxMi4wIKXMDSoASAFQAw%3D%3D",2026-08-16T15:05:20.000220+00:00
AURORA-3 PIZZA LOUNGE,01712-118555,"In front of Govt. Mohila college Rajshahi, Kadirgong, Rajshahi 6000","https://www.google.com/maps/place/AURORA-3+PIZZA+LOUNGE/@24.3643392,88.56498,14z/data=!4m11!1m3!2m2!1srestaurants+in+Rajshahi!6e5!3m6!1s0x39fbef9161745595:0x8c97fccd4ba6a531!8m2!3d24.3713442!4d88.5995147!15sChdyZXN0YXVyYW50cyBpbiBSYWpzaGFoaVoZIhdyZXN0YXVyYW50cyBpbiByYWpzaGFoaZIBCnJlc3RhdXJhbnSaASNDaFpEU1VoTk1HOW5TMFZKUTBGblNVTjRkSFp4U0UxUkVBReABAPoBBAgAEDU!16s%2Fg%2F11sx0mlh48?hl=en&entry=ttu&g_ep=EgoyMDI2MDgxMi4wIKXMDSoASAFQAw%3D%3D",2026-08-16T15:05:26.409395+00:00
North Burg,01701-025123,"9J94+374, Reshompotti Mor, Reshompotti Mor Ranibazar Rd, Rajshahi 6207","https://www.google.com/maps/place/North+Burg/@24.3643392,88.56498,14z/data=!4m11!1m3!2m2!1srestaurants+in+Rajshahi!6e5!3m6!1s0x39fbef6e2632bca3:0x19eadf62fd065e58!8m2!3d24.3676321!4d88.6056191!15sChdyZXN0YXVyYW50cyBpbiBSYWpzaGFoaVoZIhdyZXN0YXVyYW50cyBpbiByYWpzaGFoaZIBCnJlc3RhdXJhbnSaASNDaFpEU1VoTk1HOW5TMFZKUTBGblNVTXhORXRsVEZkbkVBReABAPoBBAgAEEs!16s%2Fg%2F11j2zqqxd_?hl=en&entry=ttu&g_ep=EgoyMDI2MDgxMi4wIKXMDSoASAFQAw%3D%3D",2026-08-16T15:05:34.788474+00:00
City Cafe & Restaurant,01890-002249,"2nd Floor, Shah Monsur Commercial Bhaban, Airport Road, Rajshahi","https://www.google.com/maps/place/City+Cafe+%26+Restaurant/@24.3643392,88.56498,14z/data=!4m11!1m3!2m2!1srestaurants+in+Rajshahi!6e5!3m6!1s0x39fbef000e5a8cf1:0xcaae065ed3cf9a40!8m2!3d24.3786392!4d88.6063383!15sChdyZXN0YXVyYW50cyBpbiBSYWpzaGFoaVoZIhdyZXN0YXVyYW50cyBpbiByYWpzaGFoaZIBCnJlc3RhdXJhbnSaASNDaFpEU1VoTk1HOW5TMFZKUTBGblNVTjJkM1psWDFaQkVBReABAPoBBAgAEDQ!16s%2Fg%2F11wqq5vplv?hl=en&entry=ttu&g_ep=EgoyMDI2MDgxMi4wIKXMDSoASAFQAw%3D%3D",2026-08-16T15:05:42.321803+00:00
Midas Restaurant 3,01713-917265,"9JC3+78J, 166, Alokar More, New Market Road, Rajshahi 6100","https://www.google.com/maps/place/Midas+Restaurant+3/@24.3643392,88.56498,14z/data=!4m11!1m3!2m2!1srestaurants+in+Rajshahi!6e5!3m6!1s0x39fbefadb84d0af5:0x479e41b605c1aa5a!8m2!3d24.3706993!4d88.6032283!15sChdyZXN0YXVyYW50cyBpbiBSYWpzaGFoaVoZIhdyZXN0YXVyYW50cyBpbiByYWpzaGFoaZIBCnJlc3RhdXJhbnSaASRDaGREU1VoTk1HOW5TMFZKUTBGblNVUjRaMHB4TVhwM1JSQULgAQD6AQQIABAt!16s%2Fg%2F11hbbz34rx?hl=en&entry=ttu&g_ep=EgoyMDI2MDgxMi4wIKXMDSoASAFQAw%3D%3D",2026-08-16T15:05:54.609842+00:00
Food Lovers & Kacchi Vai,+65 8413 4364,Rajshahi,"https://www.google.com/maps/place/Food+Lovers+%26+Kacchi+Vai/@24.3643392,88.56498,14z/data=!4m11!1m3!2m2!1srestaurants+in+Rajshahi!6e5!3m6!1s0x39fbef01b864a977:0x35842973699e4395!8m2!3d24.3667781!4d88.6008288!15sChdyZXN0YXVyYW50cyBpbiBSYWpzaGFoaVoZIhdyZXN0YXVyYW50cyBpbiByYWpzaGFoaZIBCnJlc3RhdXJhbnSaASNDaFpEU1VoTk1HOW5TMFZKUTBGblNVTndiVWxsYVV4UkVBReABAPoBBAgAEEI!16s%2Fg%2F11sx01jw6f?hl=en&entry=ttu&g_ep=EgoyMDI2MDgxMi4wIKXMDSoASAFQAw%3D%3D",2026-08-16T15:06:02.165218+00:00
Kazla Canteen,01782-229502,Rajshahi,"https://www.google.com/maps/place/Kazla+Canteen/@24.3643517,88.5949643,14z/data=!4m11!1m3!2m2!1srestaurants+in+Rajshahi!6e5!3m6!1s0x39fbef9ec9c1d37b:0xf406e93e977e2ed3!8m2!3d24.3643517!4d88.6330731!15sChdyZXN0YXVyYW50cyBpbiBSYWpzaGFoaVoZIhdyZXN0YXVyYW50cyBpbiByYWpzaGFoaZIBFmJhbmdsYWRlc2hpX3Jlc3RhdXJhbnSaASNDaFpEU1VoTk1HOW5TMFZKUTBGblNVTnNha3REZUVkUkVBReABAPoBBQjFARAk!16s%2Fg%2F11fszxj_f9?hl=en&entry=ttu&g_ep=EgoyMDI2MDgxMi4wIKXMDSoASAFQAw%3D%3D",2026-08-16T15:06:30.606645+00:00
Kazla Canteen,01782-229502,Rajshahi,"https://www.google.com/maps/place/Arabian+Kitchen/@24.3643517,88.5949643,14z/data=!4m11!1m3!2m2!1srestaurants+in+Rajshahi!6e5!3m6!1s0x39fbefa90557eb33:0xfd2a6e934d05e981!8m2!3d24.367059!4d88.5985716!15sChdyZXN0YXVyYW50cyBpbiBSYWpzaGFoaVoZIhdyZXN0YXVyYW50cyBpbiByYWpzaGFoaZIBCnJlc3RhdXJhbnSaAURDaTlEUVVsUlFVTnZaRU5vZEhsalJqbHZUMnhhVTFSNmFFVlRiR2hKVkd4a01rOUdVbGxWYkVKRldrZDBVVlpyUlJBQuABAPoBBQiOAhBD!16s%2Fg%2F11gbm1_65z?hl=en&entry=ttu&g_ep=EgoyMDI2MDgxMi4wIKXMDSoASAFQAw%3D%3D",2026-08-16T15:06:37.509236+00:00
Kazla Canteen,01782-229502,Rajshahi,"https://www.google.com/maps/place/Arabian+Kitchen/@24.367059,88.5604628,14z/data=!4m11!1m3!2m2!1srestaurants+in+Rajshahi!6e5!3m6!1s0x39fbefa90557eb33:0xfd2a6e934d05e981!8m2!3d24.367059!4d88.5985716!15sChdyZXN0YXVyYW50cyBpbiBSYWpzaGFoaVoZIhdyZXN0YXVyYW50cyBpbiByYWpzaGFoaZIBCnJlc3RhdXJhbnSaAURDaTlEUVVsUlFVTnZaRU5vZEhsalJqbHZUMnhhVTFSNmFFVlRiR2hKVkd4a01rOUdVbGxWYkVKRldrZDBVVlpyUlJBQuABAPoBBQiOAhBD!16s%2Fg%2F11gbm1_65z?hl=en&entry=ttu&g_ep=EgoyMDI2MDgxMi4wIKXMDSoASAFQAw%3D%3D",2026-08-16T15:06:45.552799+00:00
Kazla Canteen,01782-229502,Rajshahi,"https://www.google.com/maps/place/Golpo+Kotha+Food+Corner/@24.367059,88.5604628,14z/data=!4m11!1m3!2m2!1srestaurants+in+Rajshahi!6e5!3m6!1s0x39fbefada69c818b:0xc2b509b7215717f2!8m2!3d24.371928!4d88.6032188!15sChdyZXN0YXVyYW50cyBpbiBSYWpzaGFoaVoZIhdyZXN0YXVyYW50cyBpbiByYWpzaGFoaZIBCnJlc3RhdXJhbnSaAURDaTlEUVVsUlFVTnZaRU5vZEhsalJqbHZUMnBzY0ZWc1FuTlVSWEEyVDBWMGVscDZSWHBaV0doWllVZFNaa3hXUlJBQuABAPoBBAgvEDc!16s%2Fg%2F11c1wwng02?hl=en&entry=ttu&g_ep=EgoyMDI2MDgxMi4wIKXMDSoASAFQAw%3D%3D",2026-08-16T15:06:53.297419+00:00
Kazla Canteen,01782-229502,Rajshahi,"https://www.google.com/maps/place/Kacchi+Dine+-+Rajshahi/@24.367059,88.5604628,14z/data=!4m11!1m3!2m2!1srestaurants+in+Rajshahi!6e5!3m6!1s0x39fbef002f71a61f:0xc3b9e7b45d6841f9!8m2!3d24.3749346!4d88.6223393!15sChdyZXN0YXVyYW50cyBpbiBSYWpzaGFoaVoZIhdyZXN0YXVyYW50cyBpbiByYWpzaGFoaZIBCnJlc3RhdXJhbnSaAURDaTlEUVVsUlFVTnZaRU5vZEhsalJqbHZUMnMxVUdWVVRrNVZiV3Q2WVd4Rk0xRjZUbGhVYWtKRlpVaGFWRTlYWXhBQuABAPoBBAg4EEk!16s%2Fg%2F11w_zfns0w?hl=en&entry=ttu&g_ep=EgoyMDI2MDgxMi4wIKXMDSoASAFQAw%3D%3D",2026-08-16T15:06:59.481578+00:00
Kazla Canteen,01782-229502,Rajshahi,"https://www.google.com/maps/place/Kacchi+Dine+-+Rajshahi/@24.3749346,88.5842305,14z/data=!4m11!1m3!2m2!1srestaurants+in+Rajshahi!6e5!3m6!1s0x39fbef002f71a61f:0xc3b9e7b45d6841f9!8m2!3d24.3749346!4d88.6223393!15sChdyZXN0YXVyYW50cyBpbiBSYWpzaGFoaVoZIhdyZXN0YXVyYW50cyBpbiByYWpzaGFoaZIBCnJlc3RhdXJhbnSaAURDaTlEUVVsUlFVTnZaRU5vZEhsalJqbHZUMnMxVUdWVVRrNVZiV3Q2WVd4Rk0xRjZUbGhVYWtKRlpVaGFWRTlYWXhBQuABAPoBBAg4EEk!16s%2Fg%2F11w_zfns0w?hl=en&entry=ttu&g_ep=EgoyMDI2MDgxMi4wIKXMDSoASAFQAw%3D%3D",2026-08-16T15:07:07.012305+00:00
Rajshahi Metro,01776-949867,"3rd Floor, New Market, SZ Plaza, 6000","https://www.google.com/maps/place/Rajshahi+Metro/@24.3618759,88.5612841,14z/data=!4m11!1m3!2m2!1srestaurants+in+Rajshahi!6e5!3m6!1s0x39fbef0074d87957:0x82dc63f5471795b5!8m2!3d24.3714563!4d88.6030142!15sChdyZXN0YXVyYW50cyBpbiBSYWpzaGFoaVoZIhdyZXN0YXVyYW50cyBpbiByYWpzaGFoaZIBCnJlc3RhdXJhbnSaAURDaTlEUVVsUlFVTnZaRU5vZEhsalJqbHZUMjVvV1ZZeFNYZGpla3ByVWtaYU5GWlZiRFJVVjFsNFpERTVlV0p1WXhBQuABAPoBBAgAED0!16s%2Fg%2F11yn3n0wdj?hl=en&entry=ttu&g_ep=EgoyMDI2MDgxMi4wIKXMDSoASAFQAw%3D%3D",2026-08-16T15:07:14.079636+00:00
RIZIK Fish BBQ Restaurant,01913-798138,"Vadra, Rajshahi","https://www.google.com/maps/place/RIZIK+Fish+BBQ+Restaurant/@24.3618759,88.5612841,14z/data=!4m11!1m3!2m2!1srestaurants+in+Rajshahi!6e5!3m6!1s0x39fbef9464fa9e13:0x6443266a3a9b8667!8m2!3d24.3761757!4d88.6237036!15sChdyZXN0YXVyYW50cyBpbiBSYWpzaGFoaVoZIhdyZXN0YXVyYW50cyBpbiByYWpzaGFoaZIBCnJlc3RhdXJhbnSaASRDaGREU1VoTk1HOW5TMFZKUTBGblNVTnRiM0Y1Y1c5blJSQULgAQD6AQQIDBAw!16s%2Fg%2F11rd_7y016?hl=en&entry=ttu&g_ep=EgoyMDI2MDgxMi4wIKXMDSoASAFQAw%3D%3D",2026-08-16T15:07:29.413628+00:00
Refreshment - Zero Point,N/A,"17/18/19 Gonok Pada Road, Rajshahi","https://www.google.com/maps/place/Refreshment+-+Zero+Point/@24.3651125,88.5620544,14z/data=!4m11!1m3!2m2!1srestaurants+in+Rajshahi!6e5!3m6!1s0x39fbef6b5560a1bf:0x1818199c9b680a16!8m2!3d24.3651125!4d88.6001632!15sChdyZXN0YXVyYW50cyBpbiBSYWpzaGFoaVoZIhdyZXN0YXVyYW50cyBpbiByYWpzaGFoaZIBCnJlc3RhdXJhbnSaASNDaFpEU1VoTk1HOW5TMFZKUTBGblNVUlNNV0poYUU1QkVBReABAPoBBAgAEBg!16s%2Fg%2F11t9ngz6qx?hl=en&entry=ttu&g_ep=EgoyMDI2MDgxMi4wIKXMDSoASAFQAw%3D%3D",2026-08-16T15:07:36.845691+00:00
বেলীফুল অভিজাত মিষ্টি বিপনী - ৩য় শাখা,N/A,"Bir Sreshtho Shaheed Captain Mohiuddin Jahangir Smarani, Rajshahi","https://www.google.com/maps/place/%E0%A6%AC%E0%A7%87%E0%A6%B2%E0%A7%80%E0%A6%AB%E0%A7%81%E0%A6%B2+%E0%A6%85%E0%A6%AD%E0%A6%BF%E0%A6%9C%E0%A6%BE%E0%A6%A4+%E0%A6%AE%E0%A6%BF%E0%A6%B7%E0%A7%8D%E0%A6%9F%E0%A6%BF+%E0%A6%AC%E0%A6%BF%E0%A6%AA%E0%A6%A8%E0%A7%80+-+%E0%A7%A9%E0%A7%9F+%E0%A6%B6%E0%A6%BE%E0%A6%96%E0%A6%BE/@24.3651125,88.5620544,14z/data=!4m11!1m3!2m2!1srestaurants+in+Rajshahi!6e5!3m6!1s0x39fbef1390e53155:0xaf3f4f14662bf514!8m2!3d24.3741948!4d88.6029781!15sChdyZXN0YXVyYW50cyBpbiBSYWpzaGFoaVoZIhdyZXN0YXVyYW50cyBpbiByYWpzaGFoaZIBDmRlc3NlcnRfYnVmZmV0mgFEQ2k5RFFVbFJRVU52WkVOb2RIbGpSamx2VDJ0YVZWZEZUbGxWV0ZKSVZsUm9ObEZWTlZkUFJtaHBXVmhhV21WWVl4QULgAQD6AQQIShAO!16s%2Fg%2F11rs0tgzc7?hl=en&entry=ttu&g_ep=EgoyMDI2MDgxMi4wIKXMDSoASAFQAw%3D%3D",2026-08-16T15:07:44.704146+00:00
Solop Ghol and Sweets - Rajshahi,01706-282393,"9JV2+QW9, Sujanagar(Mitali club er mor","https://www.google.com/maps/place/Solop+Ghol+and+Sweets+-+Rajshahi/@24.3651125,88.5620544,14z/data=!4m11!1m3!2m2!1srestaurants+in+Rajshahi!6e5!3m6!1s0x39fbef0032594127:0xa6059d4d8172fd!8m2!3d24.3944051!4d88.6023663!15sChdyZXN0YXVyYW50cyBpbiBSYWpzaGFoaVoZIhdyZXN0YXVyYW50cyBpbiByYWpzaGFoaZIBEWZhbWlseV9yZXN0YXVyYW504AEA!16s%2Fg%2F11x5nxhv6y?hl=en&entry=ttu&g_ep=EgoyMDI2MDgxMi4wIKXMDSoASAFQAw%3D%3D",2026-08-16T15:07:50.867913+00:00
Biddut Hotel & Resturant,01726-161132,"9H7X+VW4, South Side of Zero Point, Borokuthi Road, Saheb Bazar Rd, Rajshahi","https://www.google.com/maps/place/Biddut+Hotel+%26+Resturant/@24.3651125,88.5620544,14z/data=!4m11!1m3!2m2!1srestaurants+in+Rajshahi!6e5!3m6!1s0x39fbefa8b500c049:0x6aedea5e93fa7863!8m2!3d24.3646254!4d88.5998296!15sChdyZXN0YXVyYW50cyBpbiBSYWpzaGFoaVoZIhdyZXN0YXVyYW50cyBpbiByYWpzaGFoaZIBCnJlc3RhdXJhbnSaASNDaFpEU1VoTk1HOW5TMFZKUTBGblNVUlVOR1JMY0VoQkVBReABAPoBBAgAEDo!16s%2Fg%2F12lw41gkq?hl=en&entry=ttu&g_ep=EgoyMDI2MDgxMi4wIKXMDSoASAFQAw%3D%3D",2026-08-16T15:08:03.620833+00:00
Batar morer Jilapi “Ranibazar Restaurant”,01718-759291,"R685, Rajshahi","https://www.google.com/maps/place/Batar+morer+Jilapi+%E2%80%9CRanibazar+Restaurant%E2%80%9D/@24.3651125,88.5620544,14z/data=!4m11!1m3!2m2!1srestaurants+in+Rajshahi!6e5!3m6!1s0x39fbefaec922306f:0xd190690398c29477!8m2!3d24.3675866!4d88.6004223!15sChdyZXN0YXVyYW50cyBpbiBSYWpzaGFoaVoZIhdyZXN0YXVyYW50cyBpbiByYWpzaGFoaZIBCnJlc3RhdXJhbnSaASNDaFpEU1VoTk1HOW5TMFZKUTBGblNVUlNNVTVET1ZkUkVBReABAPoBBQjvARA5!16s%2Fg%2F12lkd_shk?hl=en&entry=ttu&g_ep=EgoyMDI2MDgxMi4wIKXMDSoASAFQAw%3D%3D",2026-08-16T15:08:15.680930+00:00
Panshi Restaurant Rajshahi,N/A,"Olokar mor, Rajshahi","https://www.google.com/maps/place/Panshi+Restaurant+Rajshahi/@24.3651125,88.5620544,14z/data=!4m11!1m3!2m2!1srestaurants+in+Rajshahi!6e5!3m6!1s0x39fbef00275fbdfd:0xb4b0035bb24ec830!8m2!3d24.3693817!4d88.6022764!15sChdyZXN0YXVyYW50cyBpbiBSYWpzaGFoaVoZIhdyZXN0YXVyYW50cyBpbiByYWpzaGFoaZIBCnJlc3RhdXJhbnSaAURDaTlEUVVsUlFVTnZaRU5vZEhsalJqbHZUMnBhVVdOWVJtcFJlbEptVFVocmQwOVhXbkJOYkd4RFVWZHZNMlJHUlJBQuABAPoBBAgAECE!16s%2Fg%2F11m67htc0y?hl=en&entry=ttu&g_ep=EgoyMDI2MDgxMi4wIKXMDSoASAFQAw%3D%3D",2026-08-16T15:08:26.288837+00:00
Spruce,01736-300881,"srirampur, front of t badh, Pipra Aprayon & convention center Rajshahi, Bangladesh, 6000","https://www.google.com/maps/place/Spruce/@24.3629501,88.5305105,14z/data=!4m11!1m3!2m2!1srestaurants+in+Rajshahi!6e5!3m6!1s0x39fbef3a4311bbab:0x7fe98df44039d83d!8m2!3d24.3629501!4d88.5686193!15sChdyZXN0YXVyYW50cyBpbiBSYWpzaGFoaVoZIhdyZXN0YXVyYW50cyBpbiByYWpzaGFoaZIBCnJlc3RhdXJhbnTgAQA!16s%2Fg%2F11sfqjmst5?hl=en&entry=ttu&g_ep=EgoyMDI2MDgxMi4wIKXMDSoASAFQAw%3D%3D",2026-08-16T15:08:32.998223+00:00
River View Restaurant,01764-997305,"9H6X+MPQ, Rajshahi","https://www.google.com/maps/place/River+View+Restaurant/@24.3651683,88.5622867,14z/data=!4m11!1m3!2m2!1srestaurants+in+Rajshahi!6e5!3m6!1s0x39fbefa67280df5b:0x4eacde0847d67223!8m2!3d24.3617002!4d88.5993511!15sChdyZXN0YXVyYW50cyBpbiBSYWpzaGFoaVoZIhdyZXN0YXVyYW50cyBpbiByYWpzaGFoaZIBCnJlc3RhdXJhbnSaASNDaFpEU1VoTk1HOW5TMFZKUTBGblNVUnNkalo1ZVdOM0VBReABAPoBBAgAEDg!16s%2Fg%2F12hr7hz84?hl=en&entry=ttu&g_ep=EgoyMDI2MDgxMi4wIKXMDSoASAFQAw%3D%3D",2026-08-16T15:08:46.651649+00:00
Silsila Restora,01712-040052,"7, 8 Stadium Market, University Of, Rajshahi 6205","https://www.google.com/maps/place/Silsila+Restora/@24.3699163,88.6023965,14z/data=!4m11!1m3!2m2!1srestaurants+in+Rajshahi!6e5!3m6!1s0x39fbf02c235f140b:0xdc11db4d6a1eefd4!8m2!3d24.3699163!4d88.6405053!15sChdyZXN0YXVyYW50cyBpbiBSYWpzaGFoaVoZIhdyZXN0YXVyYW50cyBpbiByYWpzaGFoaZIBCnJlc3RhdXJhbnSaASNDaFpEU1VoTk1HOW5TMFZKUTBGblNVUjFkbDh6YTJWUkVBReABAPoBBQjhAhBL!16s%2Fg%2F11b674j40n?hl=en&entry=ttu&g_ep=EgoyMDI2MDgxMi4wIKXMDSoASAFQAw%3D%3D",2026-08-16T15:08:52.640413+00:00
Gravio,01317-759833,"Swapnochura Plaza (স্বপ্নচূড়া প্লাজা 6100, Rajshahi 6100","https://www.google.com/maps/place/Gravio/@24.3732894,88.5623502,14z/data=!4m11!1m3!2m2!1srestaurants+in+Rajshahi!6e5!3m6!1s0x39fbef51fc4d024d:0x19677326f71c526c!8m2!3d24.3732894!4d88.600459!15sChdyZXN0YXVyYW50cyBpbiBSYWpzaGFoaVoZIhdyZXN0YXVyYW50cyBpbiByYWpzaGFoaZIBCnJlc3RhdXJhbnTgAQA!16s%2Fg%2F11ypcn8dmp?hl=en&entry=ttu&g_ep=EgoyMDI2MDgxMi4wIKXMDSoASAFQAw%3D%3D",2026-08-16T15:08:57.658286+00:00
ঠিকানা রেস্টুরেন্ট,01335-557875,"9H9X+XQG, College Rd, Rajshahi 6000","https://www.google.com/maps/place/%E0%A6%A0%E0%A6%BF%E0%A6%95%E0%A6%BE%E0%A6%A8%E0%A6%BE+%E0%A6%B0%E0%A7%87%E0%A6%B8%E0%A7%8D%E0%A6%9F%E0%A7%81%E0%A6%B0%E0%A7%87%E0%A6%A8%E0%A7%8D%E0%A6%9F/@24.3732894,88.5623502,14z/data=!4m11!1m3!2m2!1srestaurants+in+Rajshahi!6e5!3m6!1s0x39fbef006065acd9:0x886f7e441dfe7f27!8m2!3d24.3699529!4d88.5995501!15sChdyZXN0YXVyYW50cyBpbiBSYWpzaGFoaVoZIhdyZXN0YXVyYW50cyBpbiByYWpzaGFoaZIBCnJlc3RhdXJhbnSaASNDaFpEU1VoTk1HOW5TMFZMYmxvNVRVdFpORmw2WTFWUkVBReABAPoBBAgAECs!16s%2Fg%2F11mcz066z1?hl=en&entry=ttu&g_ep=EgoyMDI2MDgxMi4wIKXMDSoASAFQAw%3D%3D",2026-08-16T15:09:04.576353+00:00
Sukhi's Kitchen,01799-082278,"9H8X+J5H, Rajshahi","https://www.google.com/maps/place/Sukhi's+Kitchen/@24.3732894,88.5623502,14z/data=!4m11!1m3!2m2!1srestaurants+in+Rajshahi!6e5!3m6!1s0x39fbefa8f019a4a3:0x3c2b77f35eaaca3c!8m2!3d24.3665623!4d88.5979795!15sChdyZXN0YXVyYW50cyBpbiBSYWpzaGFoaVoZIhdyZXN0YXVyYW50cyBpbiByYWpzaGFoaZIBEmJlbmdhbGlfcmVzdGF1cmFudJoBI0NoWkRTVWhOTUc5blMwVktlWEUxVUVkMU0yVk1kV0ozRUFF4AEA-gEECAAQQw!16s%2Fg%2F11cn8yty40?hl=en&entry=ttu&g_ep=EgoyMDI2MDgxMi4wIKXMDSoASAFQAw%3D%3D",2026-08-16T15:09:10.282708+00:00
Pizza's,01684-000632,"9HCX+XVP Pizza's, Karukotha, Mohila College Rd, Rajshahi 6000","https://www.google.com/maps/place/Pizza's/@24.3732894,88.5623502,14z/data=!4m11!1m3!2m2!1srestaurants+in+Rajshahi!6e5!3m6!1s0x39fbef826e2cd0cf:0x6311d6648cb4f34!8m2!3d24.3724334!4d88.5996524!15sChdyZXN0YXVyYW50cyBpbiBSYWpzaGFoaVoZIhdyZXN0YXVyYW50cyBpbiByYWpzaGFoaZIBEHBpenphX3Jlc3RhdXJhbnSaAURDaTlEUVVsUlFVTnZaRU5vZEhsalJqbHZUMnhSTTAwd05YZGlSa1kxVlVkNFNrMUlVblZqV0doRlRrVmtiMlZYWXhBQuABAPoBBAgAEEI!16s%2Fg%2F11w4p4m79r?hl=en&entry=ttu&g_ep=EgoyMDI2MDgxMi4wIKXMDSoASAFQAw%3D%3D",2026-08-16T15:09:15.345936+00:00
Authentic shahi cuisine,01837-551111,"kota pukur, Biman chottor, sorkar barir mor, Rajshahi","https://www.google.com/maps/place/Authentic+shahi+cuisine/@24.3732894,88.5623502,14z/data=!4m11!1m3!2m2!1srestaurants+in+Rajshahi!6e5!3m6!1s0x39fbef4433bb6959:0x59464b5b4845d02c!8m2!3d24.3746497!4d88.6003665!15sChdyZXN0YXVyYW50cyBpbiBSYWpzaGFoaVoZIhdyZXN0YXVyYW50cyBpbiByYWpzaGFoaZIBFGZhc3RfZm9vZF9yZXN0YXVyYW504AEA!16s%2Fg%2F11z2zh_x0v?hl=en&entry=ttu&g_ep=EgoyMDI2MDgxMi4wIKXMDSoASAFQAw%3D%3D",2026-08-16T15:09:34.097403+00:00
Aurora-4,N/A,"9HCX+PQX, Infront, Mohila College Rd, Rajshahi 6100","https://www.google.com/maps/place/Aurora-4/@24.3732894,88.5623502,14z/data=!4m11!1m3!2m2!1srestaurants+in+Rajshahi!6e5!3m6!1s0x39fbef0026f18425:0xc7da548b80d2a3c6!8m2!3d24.3718588!4d88.5994944!15sChdyZXN0YXVyYW50cyBpbiBSYWpzaGFoaVoZIhdyZXN0YXVyYW50cyBpbiByYWpzaGFoaZIBEGFzaWFuX3Jlc3RhdXJhbnSaASRDaGREU1VoTk1HOW5TMFZKUTBGblNVUmZjR055VFhwQlJSQULgAQD6AQQIABBM!16s%2Fg%2F11wn6lcz_w?hl=en&entry=ttu&g_ep=EgoyMDI2MDgxMi4wIKXMDSoASAFQAw%3D%3D",2026-08-16T15:09:42.054817+00:00
Indian Spicy Rajshahi,01306-831424,"9JF2+5MH, Rajshahi","https://www.google.com/maps/place/Indian+Spicy+Rajshahi/@24.3732894,88.5623502,14z/data=!4m11!1m3!2m2!1srestaurants+in+Rajshahi!6e5!3m6!1s0x39fbef36ec5d8385:0x902abb7a4c4db921!8m2!3d24.3729307!4d88.6017221!15sChdyZXN0YXVyYW50cyBpbiBSYWpzaGFoaVoZIhdyZXN0YXVyYW50cyBpbiByYWpzaGFoaZIBCnJlc3RhdXJhbnSaASRDaGREU1VoTk1HOW5TMFZKUTBGblNVTllOVjlNVmw5M1JSQULgAQD6AQUIjQYQPw!16s%2Fg%2F11j0h9vxgd?hl=en&entry=ttu&g_ep=EgoyMDI2MDgxMi4wIKXMDSoASAFQAw%3D%3D",2026-08-16T15:09:47.990990+00:00
Bindu Hotel And Restaurant,01717-876114,"9JF3+J73, Station Rd, Rajshahi 6000","https://www.google.com/maps/place/Bindu+Hotel+And+Restaurant/@24.3732894,88.5623502,14z/data=!4m11!1m3!2m2!1srestaurants+in+Rajshahi!6e5!3m6!1s0x39fbefad3c58e207:0xf6f64aa5cebdd7ce!8m2!3d24.3740202!4d88.603169!15sChdyZXN0YXVyYW50cyBpbiBSYWpzaGFoaVoZIhdyZXN0YXVyYW50cyBpbiByYWpzaGFoaZIBFmJhbmdsYWRlc2hpX3Jlc3RhdXJhbnSaASNDaFpEU1VoTk1HOW5TMFZKUTBGblNVTkdNbU5MYVZoUkVBReABAPoBBAgAECo!16s%2Fg%2F1hdywt7f3?hl=en&entry=ttu&g_ep=EgoyMDI2MDgxMi4wIKXMDSoASAFQAw%3D%3D",2026-08-16T15:09:54.892668+00:00
Daruchini Chinese Restaurant & Community,N/A,"9JGF+925, Padma Residential Area, Rajshahi","https://www.google.com/maps/place/Daruchini+Chinese+Restaurant+%26+Community/@24.3732894,88.5623502,14z/data=!4m11!1m3!2m2!1srestaurants+in+Rajshahi!6e5!3m6!1s0x39fbee32cdcd65ad:0xe104fe10faebdbd5!8m2!3d24.3758973!4d88.6226165!15sChdyZXN0YXVyYW50cyBpbiBSYWpzaGFoaVoZIhdyZXN0YXVyYW50cyBpbiByYWpzaGFoaZIBCnJlc3RhdXJhbnSaASRDaGREU1VoTk1HOW5TMFZKUTBGblRVUm5iWFV0WkdkM1JSQULgAQD6AQQIABAo!16s%2Fg%2F11g9jnt04l?hl=en&entry=ttu&g_ep=EgoyMDI2MDgxMi4wIKXMDSoASAFQAw%3D%3D",2026-08-16T15:10:03.033309+00:00
aBSee,01894-632000,"2nd & 3rd Floor, 9J82+W82 of Prince Tower(Pastry Shop Building), Ganok Para, Bata More, Rajshahi","https://www.google.com/maps/place/aBSee/@24.367232,88.5626522,14z/data=!4m11!1m3!2m2!1srestaurants+in+Rajshahi!6e5!3m6!1s0x39fbef4a028fb3cb:0x21ca1fb0e7f0931!8m2!3d24.367232!4d88.600761!15sChdyZXN0YXVyYW50cyBpbiBSYWpzaGFoaVoZIhdyZXN0YXVyYW50cyBpbiByYWpzaGFoaZIBCnJlc3RhdXJhbnSaASRDaGREU1VoTk1HOW5TMFZKUTBGblNVTmFNV1UyZVY5UlJSQULgAQD6AQUI4AgQRQ!16s%2Fg%2F11svxj0015?hl=en&entry=ttu&g_ep=EgoyMDI2MDgxMi4wIKXMDSoASAFQAw%3D%3D",2026-08-16T15:10:31.670437+00:00
Rahmania Plus Restaurant,01717-082628,"9J93+W44, Rajshahi","https://www.google.com/maps/place/Rahmania+Plus+Restaurant/@24.367232,88.5626522,14z/data=!4m11!1m3!2m2!1srestaurants+in+Rajshahi!6e5!3m6!1s0x39fbefadd6d0ec0b:0xc63251a627932135!8m2!3d24.3697644!4d88.602823!15sChdyZXN0YXVyYW50cyBpbiBSYWpzaGFoaVoZIhdyZXN0YXVyYW50cyBpbiByYWpzaGFoaZIBCnJlc3RhdXJhbnSaASRDaGREU1VoTk1HOW5TMFZKUTBGblNVTmtNazVMUVRGblJSQULgAQD6AQQIABAd!16s%2Fg%2F11c1vpq75t?hl=en&entry=ttu&g_ep=EgoyMDI2MDgxMi4wIKXMDSoASAFQAw%3D%3D",2026-08-16T15:10:40.139113+00:00
Rajshahi Medical College Canteen,N/A,"9HGQ+8CP, Rajshahi","https://www.google.com/maps/place/Rajshahi+Medical+College+Canteen/@24.367232,88.5626522,14z/data=!4m11!1m3!2m2!1srestaurants+in+Rajshahi!6e5!3m6!1s0x39fbeefd8fc6f5e3:0x33122c173d6467f!8m2!3d24.3758382!4d88.5885666!15sChdyZXN0YXVyYW50cyBpbiBSYWpzaGFoaVoZIhdyZXN0YXVyYW50cyBpbiByYWpzaGFoaZIBCnJlc3RhdXJhbnSaASRDaGREU1VoTk1HOW5TMFZKUTBGblNVTlliV1JRWHkxM1JSQULgAQD6AQUItwEQLg!16s%2Fg%2F11hbqkyt2n?hl=en&entry=ttu&g_ep=EgoyMDI2MDgxMi4wIKXMDSoASAFQAw%3D%3D",2026-08-16T15:10:47.705897+00:00
Arrow Spoon,01785-201515,"9JF2+5RG, Rajshahi","https://www.google.com/maps/place/Arrow+Spoon/@24.367232,88.5626522,14z/data=!4m11!1m3!2m2!1srestaurants+in+Rajshahi!6e5!3m6!1s0x39fbef81a2190449:0x2660306174cb7c68!8m2!3d24.3729365!4d88.6020665!15sChdyZXN0YXVyYW50cyBpbiBSYWpzaGFoaVoZIhdyZXN0YXVyYW50cyBpbiByYWpzaGFoaZIBCnJlc3RhdXJhbnSaAURDaTlEUVVsUlFVTnZaRU5vZEhsalJqbHZUMnRGTWs1SGFHbGFiRlV3WWtWYWVsWkhhRXhqVlhodVpVaFJOVlpHUlJBQuABAPoBBAgAED8!16s%2Fg%2F11g4lp1qvd?hl=en&entry=ttu&g_ep=EgoyMDI2MDgxMi4wIKXMDSoASAFQAw%3D%3D",2026-08-16T15:10:52.231130+00:00
Adi International Hotel & Restaurant,01972-803501,"Holding 285, Rajshahi 6000","https://www.google.com/maps/place/Adi+International+Hotel+%26+Restaurant/@24.367232,88.5626522,14z/data=!4m14!1m3!2m2!1srestaurants+in+Rajshahi!6e5!3m9!1s0x39fbef8b8596d455:0xd767913ca17631df!5m2!4m1!1i2!8m2!3d24.3727257!4d88.6001014!15sChdyZXN0YXVyYW50cyBpbiBSYWpzaGFoaVoZIhdyZXN0YXVyYW50cyBpbiByYWpzaGFoaZIBBWhvdGVsmgFEQ2k5RFFVbFJRVU52WkVOb2RIbGpSamx2VDJ4amRGWXlPVFJYYldkMFpGZGFObFZIUmxKWFJsSXdUMWRrTTAxdVl4QULgAQD6AQQIPhAs!16s%2Fg%2F11n3_87lgn?hl=en&entry=ttu&g_ep=EgoyMDI2MDgxMi4wIKXMDSoASAFQAw%3D%3D",2026-08-16T15:11:03.147046+00:00
Tasty Time 2.0,01722-585755,Rajshahi 6100,"https://www.google.com/maps/place/Tasty+Time+2.0/@24.3659438,88.5629556,14z/data=!4m11!1m3!2m2!1srestaurants+in+Rajshahi!6e5!3m6!1s0x39fbef97a250b7d7:0xe3737f6996788898!8m2!3d24.3651009!4d88.6006885!15sChdyZXN0YXVyYW50cyBpbiBSYWpzaGFoaVoZIhdyZXN0YXVyYW50cyBpbiByYWpzaGFoaZIBCnJlc3RhdXJhbnSaASNDaFpEU1VoTk1HOW5TMFZMWWpZM1kzbERaMWwyUmtoUkVBReABAPoBBAgAEB8!16s%2Fg%2F11fct0zjv1?hl=en&entry=ttu&g_ep=EgoyMDI2MDgxMi4wIKXMDSoASAFQAw%3D%3D",2026-08-16T15:25:37.611806+00:00
Master Chef Bangla Restaurant,N/A,"28, 22 Greater Rd, Rajshahi 6000","https://www.google.com/maps/place/Master+Chef+Bangla+Restaurant/@24.3659438,88.5629556,14z/data=!4m11!1m3!2m2!1srestaurants+in+Rajshahi!6e5!3m6!1s0x39fbef1c4437dacd:0xe97740900560bbe8!8m2!3d24.3711837!4d88.5823701!15sChdyZXN0YXVyYW50cyBpbiBSYWpzaGFoaVoZIhdyZXN0YXVyYW50cyBpbiByYWpzaGFoaZIBCnJlc3RhdXJhbnSaASNDaFpEU1VoTk1HOW5TMFZKUTBGblNVTk1OM0IxWmxkM0VBReABAPoBBAhVEEI!16s%2Fg%2F11cjxg2r3_?hl=en&entry=ttu&g_ep=EgoyMDI2MDgxMi4wIKXMDSoASAFQAw%3D%3D",2026-08-16T15:25:45.607606+00:00
Nongor,01847-553030,Rajshahi 6000,"https://www.google.com/maps/place/Nongor/@24.3659438,88.5629556,14z/data=!4m11!1m3!2m2!1srestaurants+in+Rajshahi!6e5!3m6!1s0x39fbef0a143c2253:0xd4347d64cd45ba5c!8m2!3d24.363287!4d88.5897479!15sChdyZXN0YXVyYW50cyBpbiBSYWpzaGFoaVoZIhdyZXN0YXVyYW50cyBpbiByYWpzaGFoaZIBCnJlc3RhdXJhbnSaASNDaFpEU1VoTk1HOW5TMFZKUTBGblNVUkNPRjgzUVVoQkVBReABAPoBBAgvEEU!16s%2Fg%2F11pw1_808j?hl=en&entry=ttu&g_ep=EgoyMDI2MDgxMi4wIKXMDSoASAFQAw%3D%3D",2026-08-16T15:26:20.393705+00:00
Weebs,N/A,"9JF2+626, Rajshahi","https://www.google.com/maps/place/Weebs/@24.3659438,88.5629556,14z/data=!4m11!1m3!2m2!1srestaurants+in+Rajshahi!6e5!3m6!1s0x39fbef6d6fd577ad:0xa31e934d37ec0f21!8m2!3d24.3730443!4d88.6000217!15sChdyZXN0YXVyYW50cyBpbiBSYWpzaGFoaVoZIhdyZXN0YXVyYW50cyBpbiByYWpzaGFoaZIBCnJlc3RhdXJhbnSaASRDaGREU1VoTk1HOW5TMFZKUTBGblNVUnFaMlp5YUhCUlJSQULgAQD6AQQIABAR!16s%2Fg%2F11v3wm1p6p?hl=en&entry=ttu&g_ep=EgoyMDI2MDgxMi4wIKXMDSoASAFQAw%3D%3D",2026-08-16T15:26:26.850349+00:00
Refreshment Restaurant,N/A,"9J82+CFX, Rajshahi","https://www.google.com/maps/place/Refreshment+Restaurant/@24.3659438,88.5629556,14z/data=!4m11!1m3!2m2!1srestaurants+in+Rajshahi!6e5!3m6!1s0x39fbef0033dada67:0x336d7daff705d316!8m2!3d24.3663244!4d88.6011876!15sChdyZXN0YXVyYW50cyBpbiBSYWpzaGFoaVoZIhdyZXN0YXVyYW50cyBpbiByYWpzaGFoaZIBCnJlc3RhdXJhbnSaASRDaGREU1VoTk1HOW5TMFZKUTBGblNVUmxkamRxTm01UlJSQULgAQD6AQQIABA4!16s%2Fg%2F11lds1z71_?hl=en&entry=ttu&g_ep=EgoyMDI2MDgxMi4wIKXMDSoASAFQAw%3D%3D",2026-08-16T15:26:41.538251+00:00
ফ্রেন্ডস টি-টাইম এন্ড কালাভুনা হাউজ,N/A,"9H7J+F3F Simla Park, city, Post code, 6000 Circuit House Rd, Rajshahi","https://www.google.com/maps/place/%E0%A6%AB%E0%A7%8D%E0%A6%B0%E0%A7%87%E0%A6%A8%E0%A7%8D%E0%A6%A1%E0%A6%B8+%E0%A6%9F%E0%A6%BF-%E0%A6%9F%E0%A6%BE%E0%A6%87%E0%A6%AE+%E0%A6%8F%E0%A6%A8%E0%A7%8D%E0%A6%A1+%E0%A6%95%E0%A6%BE%E0%A6%B2%E0%A6%BE%E0%A6%AD%E0%A7%81%E0%A6%A8%E0%A6%BE+%E0%A6%B9%E0%A6%BE%E0%A6%89%E0%A6%9C/@24.3659438,88.5629556,14z/data=!4m11!1m3!2m2!1srestaurants+in+Rajshahi!6e5!3m6!1s0x39fbef007c3a920f:0x30c0462ac3e6021!8m2!3d24.3630928!4d88.5808841!15sChdyZXN0YXVyYW50cyBpbiBSYWpzaGFoaZIBCnJlc3RhdXJhbnTgAQA!16s%2Fg%2F11ntfkbjz1?hl=en&entry=ttu&g_ep=EgoyMDI2MDgxMi4wIKXMDSoASAFQAw%3D%3D",2026-08-16T15:26:50.635097+00:00
Chili's Thai & Chinese Restaurant,01917-708700,"Zero Point, Saheb Bazar Rd, Rajshahi 6100","https://www.google.com/maps/place/Chili's+Thai+%26+Chinese+Restaurant/@24.3659438,88.5629556,14z/data=!4m11!1m3!2m2!1srestaurants+in+Rajshahi!6e5!3m6!1s0x39fbefbabfe09fcd:0x7599099434a86e15!8m2!3d24.3650956!4d88.6007294!15sChdyZXN0YXVyYW50cyBpbiBSYWpzaGFoaVoZIhdyZXN0YXVyYW50cyBpbiByYWpzaGFoaZIBCnJlc3RhdXJhbnSaASNDaFpEU1VoTk1HOW5TMFZKUTBGblNVUTVibDlFWTJGM0VBReABAPoBBAgAECA!16s%2Fg%2F1pty93cqk?hl=en&entry=ttu&g_ep=EgoyMDI2MDgxMi4wIKXMDSoASAFQAw%3D%3D",2026-08-16T15:27:02.878880+00:00
Master Chef Chinese Resturent and Party Centre,01746-332545,"9JC2+4WH, Olokar mor, Newmarket road, Rajshahi","https://www.google.com/maps/place/Master+Chef+Chinese+Resturent+and+Party+Centre/@24.3659438,88.5629556,14z/data=!4m11!1m3!2m2!1srestaurants+in+Rajshahi!6e5!3m6!1s0x39fbef2d1415527d:0x9fdd7b69d48349e2!8m2!3d24.3703082!4d88.6023551!15sChdyZXN0YXVyYW50cyBpbiBSYWpzaGFoaVoZIhdyZXN0YXVyYW50cyBpbiByYWpzaGFoaZIBEmNoaW5lc2VfcmVzdGF1cmFudJoBRENpOURRVWxSUVVOdlpFTm9kSGxqUmpsdlQycG9SV0ZzVm1oV1ZYaGhUbXRvVlZsVlNtRmFNbHA1VGxoU1dHUXpZeEFC4AEA-gEECAAQMQ!16s%2Fg%2F11s8bb09hs?hl=en&entry=ttu&g_ep=EgoyMDI2MDgxMi4wIKXMDSoASAFQAw%3D%3D",2026-08-16T15:27:13.231491+00:00
Midas Restaurant 3,01713-917265,"9JC3+78J, 166, Alokar More, New Market Road, Rajshahi 6100","https://www.google.com/maps/place/Midas+Restaurant+3/@24.3659438,88.5629556,14z/data=!4m11!1m3!2m2!1srestaurants+in+Rajshahi!6e5!3m6!1s0x39fbefadb84d0af5:0x479e41b605c1aa5a!8m2!3d24.3706993!4d88.6032283!15sChdyZXN0YXVyYW50cyBpbiBSYWpzaGFoaVoZIhdyZXN0YXVyYW50cyBpbiByYWpzaGFoaZIBCnJlc3RhdXJhbnSaASRDaGREU1VoTk1HOW5TMFZKUTBGblNVUjRaMHB4TVhwM1JSQULgAQD6AQQIABAt!16s%2Fg%2F11hbbz34rx?hl=en&entry=ttu&g_ep=EgoyMDI2MDgxMi4wIKXMDSoASAFQAw%3D%3D",2026-08-16T15:27:22.096039+00:00
AURORA-3 PIZZA LOUNGE,01712-118555,"In front of Govt. Mohila college Rajshahi, Kadirgong, Rajshahi 6000","https://www.google.com/maps/place/AURORA-3+PIZZA+LOUNGE/@24.3659438,88.5629556,14z/data=!4m11!1m3!2m2!1srestaurants+in+Rajshahi!6e5!3m6!1s0x39fbef9161745595:0x8c97fccd4ba6a531!8m2!3d24.3713442!4d88.5995147!15sChdyZXN0YXVyYW50cyBpbiBSYWpzaGFoaVoZIhdyZXN0YXVyYW50cyBpbiByYWpzaGFoaZIBCnJlc3RhdXJhbnSaASNDaFpEU1VoTk1HOW5TMFZKUTBGblNVTjRkSFp4U0UxUkVBReABAPoBBAgAEDU!16s%2Fg%2F11sx0mlh48?hl=en&entry=ttu&g_ep=EgoyMDI2MDgxMi4wIKXMDSoASAFQAw%3D%3D",2026-08-16T15:27:26.924988+00:00
City Cafe & Restaurant,01890-002249,"2nd Floor, Shah Monsur Commercial Bhaban, Airport Road, Rajshahi","https://www.google.com/maps/place/City+Cafe+%26+Restaurant/@24.3659438,88.5629556,14z/data=!4m11!1m3!2m2!1srestaurants+in+Rajshahi!6e5!3m6!1s0x39fbef000e5a8cf1:0xcaae065ed3cf9a40!8m2!3d24.3786392!4d88.6063383!15sChdyZXN0YXVyYW50cyBpbiBSYWpzaGFoaVoZIhdyZXN0YXVyYW50cyBpbiByYWpzaGFoaZIBCnJlc3RhdXJhbnSaASNDaFpEU1VoTk1HOW5TMFZKUTBGblNVTjJkM1psWDFaQkVBReABAPoBBAgAEDQ!16s%2Fg%2F11wqq5vplv?hl=en&entry=ttu&g_ep=EgoyMDI2MDgxMi4wIKXMDSoASAFQAw%3D%3D",2026-08-16T15:27:31.303070+00:00
Khadok -2 (খাদক-২),01619-307250,"Kadirganj Rd, Rajshahi 6000","https://www.google.com/maps/place/Khadok+-2+(%E0%A6%96%E0%A6%BE%E0%A6%A6%E0%A6%95-%E0%A7%A8)/@24.3659438,88.5629556,14z/data=!4m11!1m3!2m2!1srestaurants+in+Rajshahi!6e5!3m6!1s0x39fbef385e228557:0x729cfab50f07fa2b!8m2!3d24.3731266!4d88.5986294!15sChdyZXN0YXVyYW50cyBpbiBSYWpzaGFoaVoZIhdyZXN0YXVyYW50cyBpbiByYWpzaGFoaZIBCnJlc3RhdXJhbnSaAURDaTlEUVVsUlFVTnZaRU5vZEhsalJqbHZUMjEzTUZsVlVqQlRhMlJQVDBWd2QwMUlSa2xQUjBZeVlXNXJNVk5HUlJBQuABAPoBBAgAEDA!16s%2Fg%2F11z6vf2vhv?hl=en&entry=ttu&g_ep=EgoyMDI2MDgxMi4wIKXMDSoASAFQAw%3D%3D",2026-08-16T15:27:36.889741+00:00
Food Lovers & Kacchi Vai,+65 8413 4364,Rajshahi,"https://www.google.com/maps/place/Food+Lovers+%26+Kacchi+Vai/@24.3659438,88.5629556,14z/data=!4m11!1m3!2m2!1srestaurants+in+Rajshahi!6e5!3m6!1s0x39fbef01b864a977:0x35842973699e4395!8m2!3d24.3667781!4d88.6008288!15sChdyZXN0YXVyYW50cyBpbiBSYWpzaGFoaVoZIhdyZXN0YXVyYW50cyBpbiByYWpzaGFoaZIBCnJlc3RhdXJhbnSaASNDaFpEU1VoTk1HOW5TMFZKUTBGblNVTndiVWxsYVV4UkVBReABAPoBBAgAEEI!16s%2Fg%2F11sx01jw6f?hl=en&entry=ttu&g_ep=EgoyMDI2MDgxMi4wIKXMDSoASAFQAw%3D%3D",2026-08-16T15:27:42.013616+00:00
Sajna Restaurant,01321-231755,"26-27, Gonokpara","https://www.google.com/maps/place/Sajna+Restaurant/@24.3659438,88.5629556,14z/data=!4m11!1m3!2m2!1srestaurants+in+Rajshahi!6e5!3m6!1s0x39fbefe01ce98dcb:0x962e85b8ca017962!8m2!3d24.3671493!4d88.600713!15sChdyZXN0YXVyYW50cyBpbiBSYWpzaGFoaVoZIhdyZXN0YXVyYW50cyBpbiByYWpzaGFoaZIBCnJlc3RhdXJhbnSaASNDaFpEU1VoTk1HOW5TMFZKUTBGblNVUmxaMHRZYlVwUkVBReABAPoBBAgAEDE!16s%2Fg%2F11sw_b5dn0?hl=en&entry=ttu&g_ep=EgoyMDI2MDgxMi4wIKXMDSoASAFQAw%3D%3D",2026-08-16T15:27:48.081026+00:00
Biddut Hotel & Resturant,01726-161132,"9H7X+VW4, South Side of Zero Point, Borokuthi Road, Saheb Bazar Rd, Rajshahi","https://www.google.com/maps/place/Biddut+Hotel+%26+Resturant/@24.3730529,88.5633519,14z/data=!4m11!1m3!2m2!1srestaurants+in+Rajshahi!6e5!3m6!1s0x39fbefa8b500c049:0x6aedea5e93fa7863!8m2!3d24.3646254!4d88.5998296!15sChdyZXN0YXVyYW50cyBpbiBSYWpzaGFoaVoZIhdyZXN0YXVyYW50cyBpbiByYWpzaGFoaZIBCnJlc3RhdXJhbnSaASNDaFpEU1VoTk1HOW5TMFZKUTBGblNVUkVNemxYVGtWQkVBReABAPoBBQi7BhBB!16s%2Fg%2F12lw41gkq?hl=en&entry=ttu&g_ep=EgoyMDI2MDgxMi4wIKXMDSoASAFQAw%3D%3D",2026-08-16T15:29:29.795521+00:00
River View Restaurant,01764-997305,"9H6X+MPQ, Rajshahi","https://www.google.com/maps/place/River+View+Restaurant/@24.3730529,88.5633519,14z/data=!4m11!1m3!2m2!1srestaurants+in+Rajshahi!6e5!3m6!1s0x39fbefa67280df5b:0x4eacde0847d67223!8m2!3d24.3617002!4d88.5993511!15sChdyZXN0YXVyYW50cyBpbiBSYWpzaGFoaVoZIhdyZXN0YXVyYW50cyBpbiByYWpzaGFoaZIBCnJlc3RhdXJhbnSaASNDaFpEU1VoTk1HOW5TMFZKUTBGblNVUnNkalo1ZVdOM0VBReABAPoBBAgAEDg!16s%2Fg%2F12hr7hz84?hl=en&entry=ttu&g_ep=EgoyMDI2MDgxMi4wIKXMDSoASAFQAw%3D%3D",2026-08-16T15:29:44.727228+00:00
Shimante Nongor,N/A,"Padmar Par, Jatiyo Eidgah, Pathan Para, Rajshahi 6000","https://www.google.com/maps/place/Shimante+Nongor/@24.3730529,88.5633519,14z/data=!4m11!1m3!2m2!1srestaurants+in+Rajshahi!6e5!3m6!1s0x39fbef057dfcdb37:0x1edb50bcc027999d!8m2!3d24.3633316!4d88.5876155!15sChdyZXN0YXVyYW50cyBpbiBSYWpzaGFoaVoZIhdyZXN0YXVyYW50cyBpbiByYWpzaGFoaZIBCnJlc3RhdXJhbnSaAURDaTlEUVVsUlFVTnZaRU5vZEhsalJqbHZUMnBHVUZZd09URmhWM2hFV21wc1ZrNUlSa05hUnpsTlYxaEtObFpZWXhBQuABAPoBBAgAECc!16s%2Fg%2F12hlktm5l?hl=en&entry=ttu&g_ep=EgoyMDI2MDgxMi4wIKXMDSoASAFQAw%3D%3D",2026-08-16T15:29:59.693201+00:00
Kebab King,01611-588811,"Kadirganj Rd, Rajshahi 6000","https://www.google.com/maps/place/Kebab+King/@24.3730529,88.5633519,14z/data=!4m11!1m3!2m2!1srestaurants+in+Rajshahi!6e5!3m6!1s0x39fbef9e5c64bf43:0xb41cc229f3b238fc!8m2!3d24.3729837!4d88.5986203!15sChdyZXN0YXVyYW50cyBpbiBSYWpzaGFoaVoZIhdyZXN0YXVyYW50cyBpbiByYWpzaGFoaZIBCnJlc3RhdXJhbnSaAURDaTlEUVVsUlFVTnZaRU5vZEhsalJqbHZUMjVhTTA1cmRFUmphMnhFVjJwT2NGWnJTblpTTTNBeldqSXhZVmxyUlJBQuABAPoBBQiBARAt!16s%2Fg%2F11z2lnbvhc?hl=en&entry=ttu&g_ep=EgoyMDI2MDgxMi4wIKXMDSoASAFQAw%3D%3D",2026-08-16T15:30:16.054875+00:00
Indian Spicy Rajshahi,01306-831424,"9JF2+5MH, Rajshahi","https://www.google.com/maps/place/Indian+Spicy+Rajshahi/@24.3730529,88.5633519,14z/data=!4m11!1m3!2m2!1srestaurants+in+Rajshahi!6e5!3m6!1s0x39fbef36ec5d8385:0x902abb7a4c4db921!8m2!3d24.3729307!4d88.6017221!15sChdyZXN0YXVyYW50cyBpbiBSYWpzaGFoaVoZIhdyZXN0YXVyYW50cyBpbiByYWpzaGFoaZIBCnJlc3RhdXJhbnSaASRDaGREU1VoTk1HOW5TMFZKUTBGblNVTllOVjlNVmw5M1JSQULgAQD6AQUIsAoQSg!16s%2Fg%2F11j0h9vxgd?hl=en&entry=ttu&g_ep=EgoyMDI2MDgxMi4wIKXMDSoASAFQAw%3D%3D",2026-08-16T15:30:21.751059+00:00
Bindu Hotel And Restaurant,01717-876114,"9JF3+J73, Station Rd, Rajshahi 6000","https://www.google.com/maps/place/Bindu+Hotel+And+Restaurant/@24.3730529,88.5633519,14z/data=!4m11!1m3!2m2!1srestaurants+in+Rajshahi!6e5!3m6!1s0x39fbefad3c58e207:0xf6f64aa5cebdd7ce!8m2!3d24.3740202!4d88.603169!15sChdyZXN0YXVyYW50cyBpbiBSYWpzaGFoaVoZIhdyZXN0YXVyYW50cyBpbiByYWpzaGFoaZIBFmJhbmdsYWRlc2hpX3Jlc3RhdXJhbnSaAURDaTlEUVVsUlFVTnZaRU5vZEhsalJqbHZUMnhDVlU1VmNGcFhiR3gxVTFaV2FGUkZSbEZrUldSM1UydEdOVmRzUlJBQuABAPoBBAgAEBE!16s%2Fg%2F1hdywt7f3?hl=en&entry=ttu&g_ep=EgoyMDI2MDgxMi4wIKXMDSoASAFQAw%3D%3D",2026-08-16T15:30:29.658644+00:00
Daruchini Chinese Restaurant & Community,N/A,"9JGF+925, Padma Residential Area, Rajshahi","https://www.google.com/maps/place/Daruchini+Chinese+Restaurant+%26+Community/@24.3730529,88.5633519,14z/data=!4m11!1m3!2m2!1srestaurants+in+Rajshahi!6e5!3m6!1s0x39fbee32cdcd65ad:0xe104fe10faebdbd5!8m2!3d24.3758973!4d88.6226165!15sChdyZXN0YXVyYW50cyBpbiBSYWpzaGFoaVoZIhdyZXN0YXVyYW50cyBpbiByYWpzaGFoaZIBCnJlc3RhdXJhbnSaASRDaGREU1VoTk1HOW5TMFZKUTBGblRVUm5iWFV0WkdkM1JSQULgAQD6AQQIABAo!16s%2Fg%2F11g9jnt04l?hl=en&entry=ttu&g_ep=EgoyMDI2MDgxMi4wIKXMDSoASAFQAw%3D%3D",2026-08-16T15:30:37.556428+00:00
Rinki Foods Corner,N/A,"9JF2+6F2, Upohar Movie Theater Rd, Rajshahi","https://www.google.com/maps/place/Rinki+Foods+Corner/@24.3730529,88.5633519,14z/data=!4m11!1m3!2m2!1srestaurants+in+Rajshahi!6e5!3m6!1s0x39fbefbc6084aff7:0x7922564d07638053!8m2!3d24.3730112!4d88.6011459!15sChdyZXN0YXVyYW50cyBpbiBSYWpzaGFoaVoZIhdyZXN0YXVyYW50cyBpbiByYWpzaGFoaZIBCnJlc3RhdXJhbnTgAQA!16s%2Fg%2F11g0539tcn?hl=en&entry=ttu&g_ep=EgoyMDI2MDgxMi4wIKXMDSoASAFQAw%3D%3D",2026-08-16T15:30:44.388558+00:00
Aurora-4,N/A,"9HCX+PQX, Infront, Mohila College Rd, Rajshahi 6100","https://www.google.com/maps/place/Aurora-4/@24.3730529,88.5633519,14z/data=!4m11!1m3!2m2!1srestaurants+in+Rajshahi!6e5!3m6!1s0x39fbef0026f18425:0xc7da548b80d2a3c6!8m2!3d24.3718588!4d88.5994944!15sChdyZXN0YXVyYW50cyBpbiBSYWpzaGFoaVoZIhdyZXN0YXVyYW50cyBpbiByYWpzaGFoaZIBEGFzaWFuX3Jlc3RhdXJhbnSaASRDaGREU1VoTk1HOW5TMFZKUTBGblNVUmZjR055VFhwQlJSQULgAQD6AQQIABBM!16s%2Fg%2F11wn6lcz_w?hl=en&entry=ttu&g_ep=EgoyMDI2MDgxMi4wIKXMDSoASAFQAw%3D%3D",2026-08-16T15:31:04.539395+00:00
Pizza's,01684-000632,"9HCX+XVP Pizza's, Karukotha, Mohila College Rd, Rajshahi 6000","https://www.google.com/maps/place/Pizza's/@24.3730529,88.5633519,14z/data=!4m11!1m3!2m2!1srestaurants+in+Rajshahi!6e5!3m6!1s0x39fbef826e2cd0cf:0x6311d6648cb4f34!8m2!3d24.3724334!4d88.5996524!15sChdyZXN0YXVyYW50cyBpbiBSYWpzaGFoaVoZIhdyZXN0YXVyYW50cyBpbiByYWpzaGFoaZIBEHBpenphX3Jlc3RhdXJhbnSaAURDaTlEUVVsUlFVTnZaRU5vZEhsalJqbHZUMnhSTTAwd05YZGlSa1kxVlVkNFNrMUlVblZqV0doRlRrVmtiMlZYWXhBQuABAPoBBAgAEEI!16s%2Fg%2F11w4p4m79r?hl=en&entry=ttu&g_ep=EgoyMDI2MDgxMi4wIKXMDSoASAFQAw%3D%3D",2026-08-16T15:31:11.356535+00:00
Tik Tok Food Corner,01760-007205,"Theme omar plaza, Rajshahi","https://www.google.com/maps/place/Tik+Tok+Food+Corner/@24.3730529,88.5633519,14z/data=!4m11!1m3!2m2!1srestaurants+in+Rajshahi!6e5!3m6!1s0x39fbefe0c2073bc5:0xa422e6e0e5941d71!8m2!3d24.3728837!4d88.6020568!15sChdyZXN0YXVyYW50cyBpbiBSYWpzaGFoaVoZIhdyZXN0YXVyYW50cyBpbiByYWpzaGFoaZIBCnJlc3RhdXJhbnTgAQA!16s%2Fg%2F11h1y5g4w5?hl=en&entry=ttu&g_ep=EgoyMDI2MDgxMi4wIKXMDSoASAFQAw%3D%3D",2026-08-16T15:32:00.939156+00:00
Rajshahi Biriyani Ghor,N/A,"9JF2+4FX, Upohar Movie Theater Rd, Rajshahi","https://www.google.com/maps/place/Rajshahi+Biriyani+Ghor/@24.3730529,88.5633519,14z/data=!4m11!1m3!2m2!1srestaurants+in+Rajshahi!6e5!3m6!1s0x39fbef00361578dd:0xe06b477e8e320b86!8m2!3d24.3729049!4d88.6011958!15sChdyZXN0YXVyYW50cyBpbiBSYWpzaGFoaVoZIhdyZXN0YXVyYW50cyBpbiByYWpzaGFoaZIBCnJlc3RhdXJhbnSaASRDaGREU1VoTk1HOW5TMFZKUTBGblNVUXRlRXB1YmpoQlJSQULgAQD6AQQIABAo!16s%2Fg%2F11ygyfqmsl?hl=en&entry=ttu&g_ep=EgoyMDI2MDgxMi4wIKXMDSoASAFQAw%3D%3D",2026-08-16T15:32:09.190330+00:00
